topics,coherence_score
2,-2.415756445376646
3,-2.5080750687365776
4,-2.4304174232974978
5,-2.526835702671044
6,-2.56882314698142
7,-2.844191869196481
8,-2.650314007123983
9,-2.952757159072884
10,-2.857346893272193
